dato;stop_name;tid;faktisk_tid;avstand;min_tid;ko_min_km;Forsinkelser
16.10.2025;Blakstad hageby;Morgen;7,8;3,2;4,6;1;0,62
17.10.2025;Blakstad hageby;Morgen;6,6;3,2;4,6;0,62;0,86
20.10.2025;Blakstad hageby;Morgen;8,4;3,2;4,6;1,2;0,03
21.10.2025;Blakstad hageby;Morgen;9,4;3,2;4,6;1,49;0,7
22.10.2025;Blakstad hageby;Morgen;8,7;3,2;4,6;1,27;0,94
23.10.2025;Blakstad hageby;Morgen;8,8;3,2;4,6;1,31;0,94
24.10.2025;Blakstad hageby;Morgen;8,2;3,2;4,6;1,13;0,48
27.10.2025;Blakstad hageby;Morgen;9,5;3,2;4,6;1,54;0,9
28.10.2025;Blakstad hageby;Morgen;8,4;3,2;4,6;1,21;0,83
29.10.2025;Blakstad hageby;Morgen;7,4;3,2;4,6;0,87;0,11
30.10.2025;Blakstad hageby;Morgen;7,2;3,2;4,6;0,8;0,42
31.10.2025;Blakstad hageby;Morgen;6,9;3,2;4,6;0,72;0,45
26.11.2025;Blakstad hageby;Morgen;4,9;3,2;4,6;0,09;0,58
27.11.2025;Blakstad hageby;Morgen;9,5;3,2;4,6;1,52;0,55
28.11.2025;Blakstad hageby;Morgen;7,1;3,2;4,6;0,77;0,54
01.12.2025;Blakstad hageby;Morgen;7,8;3,2;4,6;1,01;0,74
02.12.2025;Blakstad hageby;Morgen;9,4;3,2;4,6;1,51;0,4
03.12.2025;Blakstad hageby;Morgen;9,1;3,2;4,6;1,39;0,54
16.10.2025;BŒtst¿;Morgen;8,9;8,7;8,3;0,07;0,58
17.10.2025;BŒtst¿;Morgen;10,5;8,7;8,3;0,25;0,36
20.10.2025;BŒtst¿;Morgen;10,6;8,7;8,3;0,26;0,29
21.10.2025;BŒtst¿;Morgen;10,5;8,7;8,3;0,26;0,9
22.10.2025;BŒtst¿;Morgen;10,5;8,7;8,3;0,25;0,71
23.10.2025;BŒtst¿;Morgen;10,3;8,7;8,3;0,23;0
24.10.2025;BŒtst¿;Morgen;10,5;8,7;8,3;0,26;0,94
27.10.2025;BŒtst¿;Morgen;10,4;8,7;8,3;0,24;0,56
28.10.2025;BŒtst¿;Morgen;10,6;8,7;8,3;0,27;0,12
29.10.2025;BŒtst¿;Morgen;10,5;8,7;8,3;0,25;0,91
30.10.2025;BŒtst¿;Morgen;10,4;8,7;8,3;0,24;0,53
31.10.2025;BŒtst¿;Morgen;10,2;8,7;8,3;0,22;0,87
26.11.2025;BŒtst¿;Morgen;10,5;8,7;8,3;0,26;0,52
27.11.2025;BŒtst¿;Morgen;10,6;8,7;8,3;0,27;0,82
28.11.2025;BŒtst¿;Morgen;10,6;8,7;8,3;0,26;0,01
01.12.2025;BŒtst¿;Morgen;10,6;8,7;8,3;0,27;0,92
02.12.2025;BŒtst¿;Morgen;10,5;8,7;8,3;0,26;0,97
03.12.2025;BŒtst¿;Morgen;10,6;8,7;8,3;0,27;0,27
16.10.2025;Dalb¿;Morgen;1,7;1,8;1,8;-0,05;0,01
17.10.2025;Dalb¿;Morgen;2,7;1,8;1,8;0,47;0,47
20.10.2025;Dalb¿;Morgen;2,7;1,8;1,8;0,49;0,29
21.10.2025;Dalb¿;Morgen;3;1,8;1,8;0,68;0,42
22.10.2025;Dalb¿;Morgen;2,6;1,8;1,8;0,44;0,86
23.10.2025;Dalb¿;Morgen;2,4;1,8;1,8;0,34;0,52
24.10.2025;Dalb¿;Morgen;2,6;1,8;1,8;0,44;0,64
27.10.2025;Dalb¿;Morgen;2,4;1,8;1,8;0,31;0,97
28.10.2025;Dalb¿;Morgen;2,6;1,8;1,8;0,43;0,25
29.10.2025;Dalb¿;Morgen;2,4;1,8;1,8;0,33;0,91
30.10.2025;Dalb¿;Morgen;2,7;1,8;1,8;0,5;0,24
31.10.2025;Dalb¿;Morgen;2,4;1,8;1,8;0,32;0,74
26.11.2025;Dalb¿;Morgen;2,2;1,8;1,8;0,24;0,64
27.11.2025;Dalb¿;Morgen;2,4;1,8;1,8;0,31;0,92
28.11.2025;Dalb¿;Morgen;2,7;1,8;1,8;0,49;0,73
01.12.2025;Dalb¿;Morgen;3,9;1,8;1,8;1,12;0,66
02.12.2025;Dalb¿;Morgen;3,3;1,8;1,8;0,82;0,47
03.12.2025;Dalb¿;Morgen;2,3;1,8;1,8;0,27;0,74
16.10.2025;Eid;Morgen;7,8;2,9;3,7;1,41;0,17
17.10.2025;Eid;Morgen;7,3;2,9;3,7;1,27;0,23
20.10.2025;Eid;Morgen;9,7;2,9;3,7;2,07;0,8
21.10.2025;Eid;Morgen;10,6;2,9;3,7;2,38;0,2
22.10.2025;Eid;Morgen;7,9;2,9;3,7;1,47;0,94
23.10.2025;Eid;Morgen;11,5;2,9;3,7;2,7;0,08
24.10.2025;Eid;Morgen;8,7;2,9;3,7;1,73;0,82
27.10.2025;Eid;Morgen;10,8;2,9;3,7;2,47;0,05
28.10.2025;Eid;Morgen;10,6;2,9;3,7;2,4;0,62
29.10.2025;Eid;Morgen;6,9;2,9;3,7;1,13;0,77
30.10.2025;Eid;Morgen;6;2,9;3,7;0,81;0,63
31.10.2025;Eid;Morgen;7;2,9;3,7;1,14;0,85
26.11.2025;Eid;Morgen;3,8;2,9;3,7;0,06;0,14
27.11.2025;Eid;Morgen;8,3;2,9;3,7;1,62;0,56
28.11.2025;Eid;Morgen;8;2,9;3,7;1,49;0,22
01.12.2025;Eid;Morgen;7,9;2,9;3,7;1,47;0,03
02.12.2025;Eid;Morgen;12;2,9;3,7;2,87;0,38
03.12.2025;Eid;Morgen;10,6;2,9;3,7;2,39;0,51
16.10.2025;Fusdal;Morgen;5,6;1,3;4;1,17;0,9
17.10.2025;Fusdal;Morgen;6,1;1,3;4;1,58;0,36
20.10.2025;Fusdal;Morgen;7,4;1,3;4;2,58;0,77
21.10.2025;Fusdal;Morgen;6,9;1,3;4;2,19;0,45
22.10.2025;Fusdal;Morgen;6,2;1,3;4;1,69;0,92
23.10.2025;Fusdal;Morgen;6,5;1,3;4;1,9;0,42
24.10.2025;Fusdal;Morgen;6,3;1,3;4;1,74;0,64
27.10.2025;Fusdal;Morgen;6,2;1,3;4;1,66;0,2
28.10.2025;Fusdal;Morgen;6,9;1,3;4;2,19;0,13
29.10.2025;Fusdal;Morgen;6,4;1,3;4;1,85;0,36
30.10.2025;Fusdal;Morgen;6,6;1,3;4;1,99;0,03
31.10.2025;Fusdal;Morgen;6,2;1,3;4;1,68;0,27
26.11.2025;Fusdal;Morgen;4,3;1,3;4;0,25;0,42
27.11.2025;Fusdal;Morgen;6,2;1,3;4;1,63;0,87
28.11.2025;Fusdal;Morgen;5,6;1,3;4;1,22;0,86
01.12.2025;Fusdal;Morgen;7,1;1,3;4;2,32;0,99
02.12.2025;Fusdal;Morgen;6,6;1,3;4;1,95;0,82
03.12.2025;Fusdal;Morgen;6,3;1,3;4;1,7;0,35
16.10.2025;Grodalen;Morgen;1,5;2;1,3;0,07;0,52
17.10.2025;Grodalen;Morgen;2;2;1,3;0,34;0,95
20.10.2025;Grodalen;Morgen;2,7;2;1,3;0,68;0,71
21.10.2025;Grodalen;Morgen;2,3;2;1,3;0,47;0,46
22.10.2025;Grodalen;Morgen;1,9;2;1,3;0,28;0,19
23.10.2025;Grodalen;Morgen;2;2;1,3;0,34;0,59
24.10.2025;Grodalen;Morgen;1,9;2;1,3;0,26;0,16
27.10.2025;Grodalen;Morgen;2,3;2;1,3;0,46;0,76
28.10.2025;Grodalen;Morgen;2;2;1,3;0,35;0,3
29.10.2025;Grodalen;Morgen;2,3;2;1,3;0,48;0,78
30.10.2025;Grodalen;Morgen;2;2;1,3;0,31;0,3
31.10.2025;Grodalen;Morgen;2,4;2;1,3;0,51;0,19
26.11.2025;Grodalen;Morgen;2,1;2;1,3;0,37;0,93
27.11.2025;Grodalen;Morgen;2,2;2;1,3;0,44;0,83
28.11.2025;Grodalen;Morgen;2,2;2;1,3;0,41;0,64
01.12.2025;Grodalen;Morgen;2,2;2;1,3;0,44;0,27
02.12.2025;Grodalen;Morgen;2,3;2;1,3;0,48;0,6
03.12.2025;Grodalen;Morgen;2,3;2;1,3;0,49;0,77
16.10.2025;Guibekken;Morgen;1,2;1,3;1,2;0,02;0,19
17.10.2025;Guibekken;Morgen;1,7;1,3;1,2;0,36;0,66
20.10.2025;Guibekken;Morgen;2;1,3;1,2;0,65;0,41
21.10.2025;Guibekken;Morgen;1,7;1,3;1,2;0,39;0,85
22.10.2025;Guibekken;Morgen;1,8;1,3;1,2;0,46;0,23
23.10.2025;Guibekken;Morgen;1,7;1,3;1,2;0,39;0,63
24.10.2025;Guibekken;Morgen;1,7;1,3;1,2;0,41;0,47
27.10.2025;Guibekken;Morgen;3,5;1,3;1,2;1,8;0,92
28.10.2025;Guibekken;Morgen;;1,3;1,2;1,01;0,21
29.10.2025;Guibekken;Morgen;1,7;1,3;1,2;0,4;0,16
30.10.2025;Guibekken;Morgen;1,8;1,3;1,2;0,43;0,78
31.10.2025;Guibekken;Morgen;1,7;1,3;1,2;0,35;0,73
26.11.2025;Guibekken;Morgen;1,6;1,3;1,2;0,27;0,66
27.11.2025;Guibekken;Morgen;1,8;1,3;1,2;0,44;0,97
28.11.2025;Guibekken;Morgen;2;1,3;1,2;0,65;0,14
01.12.2025;Guibekken;Morgen;1,8;1,3;1,2;0,43;0,77
02.12.2025;Guibekken;Morgen;1,8;1,3;1,2;0,43;0,85
03.12.2025;Guibekken;Morgen;1,8;1,3;1,2;0,47;0,96
16.10.2025;H, Stordalens vei;Morgen;2,6;1,3;2,2;0,32;0,4
17.10.2025;H, Stordalens vei;Morgen;4,2;1,3;2,2;1,55;0,2
20.10.2025;H, Stordalens vei;Morgen;3,3;1,3;2,2;0,85;0,38
21.10.2025;H, Stordalens vei;Morgen;3,1;1,3;2,2;0,69;0,9
22.10.2025;H, Stordalens vei;Morgen;4;1,3;2,2;1,41;0,74
23.10.2025;H, Stordalens vei;Morgen;4;1,3;2,2;1,39;0,58
24.10.2025;H, Stordalens vei;Morgen;3,2;1,3;2,2;0,76;0,69
27.10.2025;H, Stordalens vei;Morgen;3,7;1,3;2,2;1,15;0,08
28.10.2025;H, Stordalens vei;Morgen;3,4;1,3;2,2;0,95;0,84
29.10.2025;H, Stordalens vei;Morgen;4,3;1,3;2,2;1,62;1
30.10.2025;H, Stordalens vei;Morgen;3,3;1,3;2,2;0,85;0,06
31.10.2025;H, Stordalens vei;Morgen;3,8;1,3;2,2;1,23;0,69
26.11.2025;H, Stordalens vei;Morgen;3;1,3;2,2;0,65;0,83
27.11.2025;H, Stordalens vei;Morgen;4;1,3;2,2;1,41;0,71
28.11.2025;H, Stordalens vei;Morgen;3,3;1,3;2,2;0,84;0,16
01.12.2025;H, Stordalens vei;Morgen;4,1;1,3;2,2;1,48;0,37
02.12.2025;H, Stordalens vei;Morgen;3,3;1,3;2,2;0,85;0,2
03.12.2025;H, Stordalens vei;Morgen;3;1,3;2,2;0,6;0
16.10.2025;Heggedal stasjon;Morgen;3,1;1,8;3;0,07;0,66
17.10.2025;Heggedal stasjon;Morgen;4,1;1,8;3;0,59;0,38
20.10.2025;Heggedal stasjon;Morgen;3,8;1,8;3;0,43;0,68
21.10.2025;Heggedal stasjon;Morgen;4,2;1,8;3;0,65;1
22.10.2025;Heggedal stasjon;Morgen;5,2;1,8;3;1,25;0,87
23.10.2025;Heggedal stasjon;Morgen;3,7;1,8;3;0,4;0,98
24.10.2025;Heggedal stasjon;Morgen;3,8;1,8;3;0,44;0,11
27.10.2025;Heggedal stasjon;Morgen;3,9;1,8;3;0,51;0,99
28.10.2025;Heggedal stasjon;Morgen;4,2;1,8;3;0,69;0,44
29.10.2025;Heggedal stasjon;Morgen;4,1;1,8;3;0,59;0,63
30.10.2025;Heggedal stasjon;Morgen;3,7;1,8;3;0,37;0,58
31.10.2025;Heggedal stasjon;Morgen;4,4;1,8;3;0,76;0,11
26.11.2025;Heggedal stasjon;Morgen;3,7;1,8;3;0,41;0,39
27.11.2025;Heggedal stasjon;Morgen;3,9;1,8;3;0,51;0,64
28.11.2025;Heggedal stasjon;Morgen;4;1,8;3;0,56;0,64
01.12.2025;Heggedal stasjon;Morgen;4;1,8;3;0,55;0,37
02.12.2025;Heggedal stasjon;Morgen;4;1,8;3;0,56;0,15
03.12.2025;Heggedal stasjon;Morgen;3,7;1,8;3;0,39;0,3
16.10.2025;Hurum kirke;Morgen;18,5;19,8;17,6;0,05;0,66
17.10.2025;Hurum kirke;Morgen;22,7;19,8;17,6;0,26;0,47
20.10.2025;Hurum kirke;Morgen;22,5;19,8;17,6;0,24;0,67
21.10.2025;Hurum kirke;Morgen;22,6;19,8;17,6;0,25;0,42
22.10.2025;Hurum kirke;Morgen;22,8;19,8;17,6;0,26;0,94
23.10.2025;Hurum kirke;Morgen;22,6;19,8;17,6;0,25;0,42
24.10.2025;Hurum kirke;Morgen;21,4;19,8;17,6;0,19;0,63
27.10.2025;Hurum kirke;Morgen;21,5;19,8;17,6;0,19;0,87
28.10.2025;Hurum kirke;Morgen;22,3;19,8;17,6;0,24;0,02
29.10.2025;Hurum kirke;Morgen;22,9;19,8;17,6;0,27;0,22
30.10.2025;Hurum kirke;Morgen;22;19,8;17,6;0,22;0,16
31.10.2025;Hurum kirke;Morgen;21,4;19,8;17,6;0,19;0,32
26.11.2025;Hurum kirke;Morgen;19,4;19,8;17,6;0,09;0,33
27.11.2025;Hurum kirke;Morgen;22,4;19,8;17,6;0,24;0,31
28.11.2025;Hurum kirke;Morgen;22;19,8;17,6;0,22;0,68
01.12.2025;Hurum kirke;Morgen;23,5;19,8;17,6;0,3;0,23
02.12.2025;Hurum kirke;Morgen;22,6;19,8;17,6;0,25;0,71
03.12.2025;Hurum kirke;Morgen;23,3;19,8;17,6;0,29;0
16.10.2025;Kornmagasinet;Morgen;1,9;1,9;1,9;-0,01;0,36
17.10.2025;Kornmagasinet;Morgen;2,6;1,9;1,9;0,37;0,07
20.10.2025;Kornmagasinet;Morgen;2,6;1,9;1,9;0,33;0,94
21.10.2025;Kornmagasinet;Morgen;2,6;1,9;1,9;0,35;0,94
22.10.2025;Kornmagasinet;Morgen;3,1;1,9;1,9;0,61;0,07
23.10.2025;Kornmagasinet;Morgen;2,5;1,9;1,9;0,28;0,05
24.10.2025;Kornmagasinet;Morgen;2,6;1,9;1,9;0,33;0,46
27.10.2025;Kornmagasinet;Morgen;2,6;1,9;1,9;0,33;0,9
28.10.2025;Kornmagasinet;Morgen;2,5;1,9;1,9;0,27;0,2
29.10.2025;Kornmagasinet;Morgen;2,6;1,9;1,9;0,34;0,99
30.10.2025;Kornmagasinet;Morgen;2,8;1,9;1,9;0,47;0,87
31.10.2025;Kornmagasinet;Morgen;2,8;1,9;1,9;0,43;0,7
26.11.2025;Kornmagasinet;Morgen;2,2;1,9;1,9;0,14;0,23
27.11.2025;Kornmagasinet;Morgen;6,3;1,9;1,9;2,27;0,3
28.11.2025;Kornmagasinet;Morgen;2,7;1,9;1,9;0,4;0,57
01.12.2025;Kornmagasinet;Morgen;2,7;1,9;1,9;0,39;0,25
02.12.2025;Kornmagasinet;Morgen;3,6;1,9;1,9;0,85;0,41
03.12.2025;Kornmagasinet;Morgen;2,6;1,9;1,9;0,35;0,19
16.10.2025;Odalsveien;Morgen;1,8;0,8;1,3;0,59;0,28
17.10.2025;Odalsveien;Morgen;3,5;0,8;1,3;2,55;0,71
20.10.2025;Odalsveien;Morgen;2,4;0,8;1,3;1,3;0,89
21.10.2025;Odalsveien;Morgen;2,9;0,8;1,3;1,82;0,47
22.10.2025;Odalsveien;Morgen;2,6;0,8;1,3;1,51;0,46
23.10.2025;Odalsveien;Morgen;2,8;0,8;1,3;1,8;0,17
24.10.2025;Odalsveien;Morgen;3,1;0,8;1,3;2,08;0,99
27.10.2025;Odalsveien;Morgen;2,7;0,8;1,3;1,66;0,4
28.10.2025;Odalsveien;Morgen;2,7;0,8;1,3;1,66;0,51
29.10.2025;Odalsveien;Morgen;2,6;0,8;1,3;1,5;0,09
30.10.2025;Odalsveien;Morgen;2,6;0,8;1,3;1,48;0,57
31.10.2025;Odalsveien;Morgen;2,5;0,8;1,3;1,39;0,95
26.11.2025;Odalsveien;Morgen;1,7;0,8;1,3;0,41;0,97
27.11.2025;Odalsveien;Morgen;2,8;0,8;1,3;1,75;0,32
28.11.2025;Odalsveien;Morgen;2,3;0,8;1,3;1,22;0,08
01.12.2025;Odalsveien;Morgen;2,5;0,8;1,3;1,37;0,45
02.12.2025;Odalsveien;Morgen;2,9;0,8;1,3;1,87;0,69
03.12.2025;Odalsveien;Morgen;2,5;0,8;1,3;1,44;0,8
16.10.2025;Risengasletta;Morgen;4,1;1,5;3,4;0,48;0,98
17.10.2025;Risengasletta;Morgen;5,4;1,5;3,4;1,29;0,98
20.10.2025;Risengasletta;Morgen;5,4;1,5;3,4;1,31;0,59
21.10.2025;Risengasletta;Morgen;5,4;1,5;3,4;1,29;0,43
22.10.2025;Risengasletta;Morgen;4,7;1,5;3,4;0,85;0,55
23.10.2025;Risengasletta;Morgen;5,6;1,5;3,4;1,41;0,05
24.10.2025;Risengasletta;Morgen;4,2;1,5;3,4;0,5;0,63
27.10.2025;Risengasletta;Morgen;;1,5;3,4;0,71;0,83
28.10.2025;Risengasletta;Morgen;5,8;1,5;3,4;1,57;0,08
29.10.2025;Risengasletta;Morgen;5,6;1,5;3,4;1,4;0,9
30.10.2025;Risengasletta;Morgen;5,5;1,5;3,4;1,35;0
31.10.2025;Risengasletta;Morgen;5,5;1,5;3,4;1,37;0,77
26.11.2025;Risengasletta;Morgen;3,7;1,5;3,4;0,2;0,53
27.11.2025;Risengasletta;Morgen;5,8;1,5;3,4;1,54;0,6
28.11.2025;Risengasletta;Morgen;4,3;1,5;3,4;0,6;0,27
01.12.2025;Risengasletta;Morgen;5;1,5;3,4;1,05;0,56
02.12.2025;Risengasletta;Morgen;5,6;1,5;3,4;1,4;0,24
03.12.2025;Risengasletta;Morgen;5;1,5;3,4;1,02;0,98
16.10.2025;Spikkestad sentrum;Morgen;7,4;7;6;0,2;0,71
17.10.2025;Spikkestad sentrum;Morgen;8,6;7;6;0,37;0,39
20.10.2025;Spikkestad sentrum;Morgen;8,8;7;6;0,4;0,09
21.10.2025;Spikkestad sentrum;Morgen;8,4;7;6;0,35;0,72
22.10.2025;Spikkestad sentrum;Morgen;8,4;7;6;0,34;0,87
23.10.2025;Spikkestad sentrum;Morgen;9;7;6;0,44;0,38
24.10.2025;Spikkestad sentrum;Morgen;8,4;7;6;0,35;0,4
27.10.2025;Spikkestad sentrum;Morgen;9;7;6;0,43;0,03
28.10.2025;Spikkestad sentrum;Morgen;8,7;7;6;0,39;0,99
29.10.2025;Spikkestad sentrum;Morgen;8,7;7;6;0,39;0,07
30.10.2025;Spikkestad sentrum;Morgen;8,9;7;6;0,41;0,45
31.10.2025;Spikkestad sentrum;Morgen;8,2;7;6;0,31;0,5
26.11.2025;Spikkestad sentrum;Morgen;7,6;7;6;0,22;0,09
27.11.2025;Spikkestad sentrum;Morgen;8,5;7;6;0,35;0,49
28.11.2025;Spikkestad sentrum;Morgen;8,7;7;6;0,38;0,84
01.12.2025;Spikkestad sentrum;Morgen;9;7;6;0,43;0,05
02.12.2025;Spikkestad sentrum;Morgen;8,4;7;6;0,34;0,54
03.12.2025;Spikkestad sentrum;Morgen;8,3;7;6;0,33;0,45
16.10.2025;Stokker;Morgen;2;1,7;1,7;0,16;0,15
17.10.2025;Stokker;Morgen;2,7;1,7;1,7;0,55;0,75
20.10.2025;Stokker;Morgen;2,6;1,7;1,7;0,49;0,65
21.10.2025;Stokker;Morgen;3;1,7;1,7;0,78;0,94
22.10.2025;Stokker;Morgen;2,6;1,7;1,7;0,5;0,4
23.10.2025;Stokker;Morgen;2,4;1,7;1,7;0,38;0,13
24.10.2025;Stokker;Morgen;2,4;1,7;1,7;0,41;0,89
27.10.2025;Stokker;Morgen;2,5;1,7;1,7;0,43;0,63
28.10.2025;Stokker;Morgen;2,7;1,7;1,7;0,6;0,05
29.10.2025;Stokker;Morgen;2,7;1,7;1,7;0,58;0,91
30.10.2025;Stokker;Morgen;2,5;1,7;1,7;0,43;0,04
31.10.2025;Stokker;Morgen;;1,7;1,7;0,46;0,44
26.11.2025;Stokker;Morgen;2,3;1,7;1,7;0,33;0,42
27.11.2025;Stokker;Morgen;2,5;1,7;1,7;0,45;0,71
28.11.2025;Stokker;Morgen;2,7;1,7;1,7;0,55;0,16
01.12.2025;Stokker;Morgen;2,4;1,7;1,7;0,39;0,65
02.12.2025;Stokker;Morgen;2,4;1,7;1,7;0,42;0,38
03.12.2025;Stokker;Morgen;2,5;1,7;1,7;0,45;1
16.10.2025;S¾tre sentrum;Morgen;13,3;11,3;12,2;0,1;0,58
17.10.2025;S¾tre sentrum;Morgen;16,3;11,3;12,2;0,37;0,54
20.10.2025;S¾tre sentrum;Morgen;16,2;11,3;12,2;0,35;0,68
21.10.2025;S¾tre sentrum;Morgen;16,2;11,3;12,2;0,36;0,26
22.10.2025;S¾tre sentrum;Morgen;16,3;11,3;12,2;0,36;0,38
23.10.2025;S¾tre sentrum;Morgen;16,2;11,3;12,2;0,36;0,63
24.10.2025;S¾tre sentrum;Morgen;15,1;11,3;12,2;0,25;0,78
27.10.2025;S¾tre sentrum;Morgen;15,4;11,3;12,2;0,29;0,21
28.10.2025;S¾tre sentrum;Morgen;16;11,3;12,2;0,34;0,59
29.10.2025;S¾tre sentrum;Morgen;17,8;11,3;12,2;0,49;0,15
30.10.2025;S¾tre sentrum;Morgen;16,2;11,3;12,2;0,35;0,56
31.10.2025;S¾tre sentrum;Morgen;16,5;11,3;12,2;0,38;0,29
26.11.2025;S¾tre sentrum;Morgen;14,5;11,3;12,2;0,2;0,48
27.11.2025;S¾tre sentrum;Morgen;17,4;11,3;12,2;0,46;0,58
28.11.2025;S¾tre sentrum;Morgen;16,2;11,3;12,2;0,35;0,41
01.12.2025;S¾tre sentrum;Morgen;17,2;11,3;12,2;0,45;0,73
02.12.2025;S¾tre sentrum;Morgen;16,1;11,3;12,2;0,35;0,76
03.12.2025;S¾tre sentrum;Morgen;16,9;11,3;12,2;0,42;0,32
16.10.2025;Toern;Morgen;5,3;2,8;3,3;0,72;0,72
17.10.2025;Toern;Morgen;5,1;2,8;3,3;0,67;0,03
20.10.2025;Toern;Morgen;4,7;2,8;3,3;0,5;0,25
21.10.2025;Toern;Morgen;4,8;2,8;3,3;0,54;0,89
22.10.2025;Toern;Morgen;5,1;2,8;3,3;0,67;0,72
23.10.2025;Toern;Morgen;4,3;2,8;3,3;0,37;0,93
24.10.2025;Toern;Morgen;4,4;2,8;3,3;0,4;0,82
27.10.2025;Toern;Morgen;;2,8;3,3;0,53;0,22
28.10.2025;Toern;Morgen;4,3;2,8;3,3;0,39;0,76
29.10.2025;Toern;Morgen;4,5;2,8;3,3;0,45;0,89
30.10.2025;Toern;Morgen;4,8;2,8;3,3;0,56;0,42
31.10.2025;Toern;Morgen;4,7;2,8;3,3;0,51;0,71
26.11.2025;Toern;Morgen;3,6;2,8;3,3;0,14;0,06
27.11.2025;Toern;Morgen;4,5;2,8;3,3;0,44;0,56
28.11.2025;Toern;Morgen;4,6;2,8;3,3;0,48;0,28
01.12.2025;Toern;Morgen;4,8;2,8;3,3;0,54;0,39
02.12.2025;Toern;Morgen;4,2;2,8;3,3;0,32;0,09
03.12.2025;Toern;Morgen;4,5;2,8;3,3;0,43;0,23
16.10.2025;Tofte sentrum;Morgen;32;34,2;30,3;0,05;0,83
17.10.2025;Tofte sentrum;Morgen;36;34,2;30,3;0,17;0,45
20.10.2025;Tofte sentrum;Morgen;35,7;34,2;30,3;0,16;0,21
21.10.2025;Tofte sentrum;Morgen;36,1;34,2;30,3;0,17;0,34
22.10.2025;Tofte sentrum;Morgen;36,1;34,2;30,3;0,17;0,94
23.10.2025;Tofte sentrum;Morgen;36;34,2;30,3;0,17;0,39
24.10.2025;Tofte sentrum;Morgen;35,2;34,2;30,3;0,14;0,49
27.10.2025;Tofte sentrum;Morgen;35;34,2;30,3;0,14;0,07
28.10.2025;Tofte sentrum;Morgen;35,6;34,2;30,3;0,16;0,67
29.10.2025;Tofte sentrum;Morgen;35,6;34,2;30,3;0,16;0,13
30.10.2025;Tofte sentrum;Morgen;35,8;34,2;30,3;0,16;0,63
31.10.2025;Tofte sentrum;Morgen;35,3;34,2;30,3;0,15;0,73
26.11.2025;Tofte sentrum;Morgen;34;34,2;30,3;0,11;0,46
27.11.2025;Tofte sentrum;Morgen;36,2;34,2;30,3;0,17;0,04
28.11.2025;Tofte sentrum;Morgen;35,9;34,2;30,3;0,16;0,65
01.12.2025;Tofte sentrum;Morgen;36,8;34,2;30,3;0,19;0,85
02.12.2025;Tofte sentrum;Morgen;36,3;34,2;30,3;0,18;0,95
03.12.2025;Tofte sentrum;Morgen;36,7;34,2;30,3;0,19;0,38
16.10.2025;Vettre;Morgen;3,3;2,7;3;0,1;0,55
17.10.2025;Vettre;Morgen;4,8;2,7;3;0,69;0,81
20.10.2025;Vettre;Morgen;4,9;2,7;3;0,71;0,99
21.10.2025;Vettre;Morgen;4,6;2,7;3;0,61;0,87
22.10.2025;Vettre;Morgen;4,4;2,7;3;0,54;0,61
23.10.2025;Vettre;Morgen;4,2;2,7;3;0,44;0,99
24.10.2025;Vettre;Morgen;4,7;2,7;3;0,65;0,93
27.10.2025;Vettre;Morgen;4,6;2,7;3;0,6;0,16
28.10.2025;Vettre;Morgen;5,6;2,7;3;0,96;0,76
29.10.2025;Vettre;Morgen;4,5;2,7;3;0,57;0,77
30.10.2025;Vettre;Morgen;4,6;2,7;3;0,58;0,26
31.10.2025;Vettre;Morgen;6,8;2,7;3;1,42;0,83
26.11.2025;Vettre;Morgen;4;2,7;3;0,37;0,95
27.11.2025;Vettre;Morgen;6,9;2,7;3;1,45;0,2
28.11.2025;Vettre;Morgen;9,7;2,7;3;2,51;0,63
01.12.2025;Vettre;Morgen;6,5;2,7;3;1,31;0,83
02.12.2025;Vettre;Morgen;6;2,7;3;1,14;0,52
03.12.2025;Vettre;Morgen;6,7;2,7;3;1,39;0,64
16.10.2025;Vollen;Morgen;3,4;2,1;3;0,17;0,87
17.10.2025;Vollen;Morgen;4,7;2,1;3;0,82;0,71
20.10.2025;Vollen;Morgen;4,6;2,1;3;0,75;0,17
21.10.2025;Vollen;Morgen;5,1;2,1;3;1,01;0,31
22.10.2025;Vollen;Morgen;4,5;2,1;3;0,72;0,05
23.10.2025;Vollen;Morgen;5,2;2,1;3;1,03;0,23
24.10.2025;Vollen;Morgen;4,3;2,1;3;0,62;0,9
27.10.2025;Vollen;Morgen;4,4;2,1;3;0,65;0,19
28.10.2025;Vollen;Morgen;7;2,1;3;1,88;0,27
29.10.2025;Vollen;Morgen;5,5;2,1;3;1,17;0,82
30.10.2025;Vollen;Morgen;4,4;2,1;3;0,69;0,92
31.10.2025;Vollen;Morgen;4,2;2,1;3;0,58;0,55
26.11.2025;Vollen;Morgen;3,2;2,1;3;0,1;0,3
27.11.2025;Vollen;Morgen;4,9;2,1;3;0,9;0,55
28.11.2025;Vollen;Morgen;4,4;2,1;3;0,68;0,48
01.12.2025;Vollen;Morgen;4,8;2,1;3;0,86;0,06
02.12.2025;Vollen;Morgen;5,8;2,1;3;1,32;0,87
03.12.2025;Vollen;Morgen;4,4;2,1;3;0,67;0,13
16.10.2025;Blakstad hageby;Ettermiddag;7,8;3,2;4,6;0,998157035;0,11
17.10.2025;Blakstad hageby;Ettermiddag;6,6;3,2;4,6;0,624456465;0,93
20.10.2025;Blakstad hageby;Ettermiddag;8,4;3,2;4,6;1,195998161;0,4
21.10.2025;Blakstad hageby;Ettermiddag;9,4;3,2;4,6;1,491190394;0,87
22.10.2025;Blakstad hageby;Ettermiddag;8,7;3,2;4,6;1,271366538;0,93
23.10.2025;Blakstad hageby;Ettermiddag;8,8;3,2;4,6;1,309050576;0,31
24.10.2025;Blakstad hageby;Ettermiddag;8,2;3,2;4,6;1,126910908;0,86
27.10.2025;Blakstad hageby;Ettermiddag;9,5;3,2;4,6;1,54457589;0,84
28.10.2025;Blakstad hageby;Ettermiddag;8,4;3,2;4,6;1,205419246;0,34
29.10.2025;Blakstad hageby;Ettermiddag;7,4;3,2;4,6;0,866262751;0,39
30.10.2025;Blakstad hageby;Ettermiddag;7,2;3,2;4,6;0,797175188;0,16
31.10.2025;Blakstad hageby;Ettermiddag;6,9;3,2;4,6;0,724947383;0,49
26.11.2025;Blakstad hageby;Ettermiddag;4,9;3,2;4,6;0,089028488;0,53
27.11.2025;Blakstad hageby;Ettermiddag;9,5;3,2;4,6;1,522593609;0,74
28.11.2025;Blakstad hageby;Ettermiddag;7,1;3,2;4,6;0,765771833;0,68
01.12.2025;Blakstad hageby;Ettermiddag;7,8;3,2;4,6;1,00757797;0,3
02.12.2025;Blakstad hageby;Ettermiddag;9,4;3,2;4,6;1,513172525;0,28
03.12.2025;Blakstad hageby;Ettermiddag;9,1;3,2;4,6;1,393839737;0,34
16.10.2025;BŒtst¿;Ettermiddag;8,9;8,7;8,3;0,066218311;0,89
17.10.2025;BŒtst¿;Ettermiddag;10,5;8,7;8,3;0,25054331;0,48
20.10.2025;BŒtst¿;Ettermiddag;10,6;8,7;8,3;0,263255219;0,25
21.10.2025;BŒtst¿;Ettermiddag;10,5;8,7;8,3;0,257476878;0,01
22.10.2025;BŒtst¿;Ettermiddag;10,5;8,7;8,3;0,251698758;0,25
23.10.2025;BŒtst¿;Ettermiddag;10,3;8,7;8,3;0,232052839;0,46
24.10.2025;BŒtst¿;Ettermiddag;10,5;8,7;8,3;0,257477099;0,55
27.10.2025;BŒtst¿;Ettermiddag;10,4;8,7;8,3;0,244764969;0,74
28.10.2025;BŒtst¿;Ettermiddag;10,6;8,7;8,3;0,267877671;0,2
29.10.2025;BŒtst¿;Ettermiddag;10,5;8,7;8,3;0,249387421;0,82
30.10.2025;BŒtst¿;Ettermiddag;10,4;8,7;8,3;0,244764969;0,21
31.10.2025;BŒtst¿;Ettermiddag;10,2;8,7;8,3;0,221652046;0,5
26.11.2025;BŒtst¿;Ettermiddag;10,5;8,7;8,3;0,258054822;0
27.11.2025;BŒtst¿;Ettermiddag;10,6;8,7;8,3;0,265566555;0,22
28.11.2025;BŒtst¿;Ettermiddag;10,6;8,7;8,3;0,262099551;0,48
01.12.2025;BŒtst¿;Ettermiddag;10,6;8,7;8,3;0,266722224;0,22
02.12.2025;BŒtst¿;Ettermiddag;10,5;8,7;8,3;0,258632546;0,02
03.12.2025;BŒtst¿;Ettermiddag;10,6;8,7;8,3;0,26903334;0,23
16.10.2025;Dalb¿;Ettermiddag;1,7;1,8;1,8;-0,052754423;0,94
17.10.2025;Dalb¿;Ettermiddag;2,7;1,8;1,8;0,474778338;0,65
20.10.2025;Dalb¿;Ettermiddag;2,7;1,8;1,8;0,491177634;0,62
21.10.2025;Dalb¿;Ettermiddag;3;1,8;1,8;0,682510749;0,59
22.10.2025;Dalb¿;Ettermiddag;2,6;1,8;1,8;0,436511924;0,79
23.10.2025;Dalb¿;Ettermiddag;2,4;1,8;1,8;0,338112498;0,16
24.10.2025;Dalb¿;Ettermiddag;2,6;1,8;1,8;0,441977661;0,82
27.10.2025;Dalb¿;Ettermiddag;2,4;1,8;1,8;0,310779121;0,66
28.10.2025;Dalb¿;Ettermiddag;2,6;1,8;1,8;0,431045144;0,69
29.10.2025;Dalb¿;Ettermiddag;2,4;1,8;1,8;0,327178417;0,03
30.10.2025;Dalb¿;Ettermiddag;2,7;1,8;1,8;0,496645457;0,29
31.10.2025;Dalb¿;Ettermiddag;2,4;1,8;1,8;0,316245379;0,76
26.11.2025;Dalb¿;Ettermiddag;2,2;1,8;1,8;0,236978639;0,79
27.11.2025;Dalb¿;Ettermiddag;2,4;1,8;1,8;0,305312342;0,88
28.11.2025;Dalb¿;Ettermiddag;2,7;1,8;1,8;0,485711897;0,69
01.12.2025;Dalb¿;Ettermiddag;3,9;1,8;1,8;1,119843733;0,59
02.12.2025;Dalb¿;Ettermiddag;3,3;1,8;1,8;0,819177111;0,89
03.12.2025;Dalb¿;Ettermiddag;2,3;1,8;1,8;0,267045927;0,53
16.10.2025;Eid;Ettermiddag;7,8;2,9;3,7;1,410957981;0,62
17.10.2025;Eid;Ettermiddag;7,3;2,9;3,7;1,265783135;0,49
20.10.2025;Eid;Ettermiddag;9,7;2,9;3,7;2,074612487;0,07
21.10.2025;Eid;Ettermiddag;10,6;2,9;3,7;2,382244262;0,61
22.10.2025;Eid;Ettermiddag;7,9;2,9;3,7;1,473175395;0,65
23.10.2025;Eid;Ettermiddag;11,5;2,9;3,7;2,700245551;0,76
24.10.2025;Eid;Ettermiddag;8,7;2,9;3,7;1,728959187;0,65
27.10.2025;Eid;Ettermiddag;10,8;2,9;3,7;2,472114098;0,18
28.10.2025;Eid;Ettermiddag;10,6;2,9;3,7;2,396070555;0,59
29.10.2025;Eid;Ettermiddag;6,9;2,9;3,7;1,127521848;0,41
30.10.2025;Eid;Ettermiddag;6;2,9;3,7;0,806063945;0,69
31.10.2025;Eid;Ettermiddag;7;2,9;3,7;1,141348142;0,01
26.11.2025;Eid;Ettermiddag;3,8;2,9;3,7;0,057724153;0,65
27.11.2025;Eid;Ettermiddag;8,3;2,9;3,7;1,618349746;0,1
28.11.2025;Eid;Ettermiddag;8;2,9;3,7;1,490458138;0,64
01.12.2025;Eid;Ettermiddag;7,9;2,9;3,7;1,469718945;0,34
02.12.2025;Eid;Ettermiddag;12;2,9;3,7;2,866159425;0,36
03.12.2025;Eid;Ettermiddag;10,6;2,9;3,7;2,389157326;0,04
16.10.2025;Fusdal;Ettermiddag;5,6;1,3;4;1,168271326;0,72
17.10.2025;Fusdal;Ettermiddag;6,1;1,3;4;1,575281903;0,53
20.10.2025;Fusdal;Ettermiddag;7,4;1,3;4;2,577733892;0,68
21.10.2025;Fusdal;Ettermiddag;6,9;1,3;4;2,193334814;1
22.10.2025;Fusdal;Ettermiddag;6,2;1,3;4;1,688340117;0,44
23.10.2025;Fusdal;Ettermiddag;6,5;1,3;4;1,899382811;0,33
24.10.2025;Fusdal;Ettermiddag;6,3;1,3;4;1,74110088;0,66
27.10.2025;Fusdal;Ettermiddag;6,2;1,3;4;1,658191212;0,56
28.10.2025;Fusdal;Ettermiddag;6,9;1,3;4;2,185797768;0,2
29.10.2025;Fusdal;Ettermiddag;6,4;1,3;4;1,846622047;0,04
30.10.2025;Fusdal;Ettermiddag;6,6;1,3;4;1,989829526;0,25
31.10.2025;Fusdal;Ettermiddag;6,2;1,3;4;1,68080307;0,34
26.11.2025;Fusdal;Ettermiddag;4,3;1,3;4;0,252497349;0,49
27.11.2025;Fusdal;Ettermiddag;6,2;1,3;4;1,628042307;0,25
28.11.2025;Fusdal;Ettermiddag;5,6;1,3;4;1,22103173;0,4
01.12.2025;Fusdal;Ettermiddag;7,1;1,3;4;2,32146784;0,55
02.12.2025;Fusdal;Ettermiddag;6,6;1,3;4;1,952143574;0,5
03.12.2025;Fusdal;Ettermiddag;6,3;1,3;4;1,703414928;0,48
16.10.2025;Grodalen;Ettermiddag;1,5;2;1,3;0,066444173;0,97
17.10.2025;Grodalen;Ettermiddag;2;2;1,3;0,338711864;0,18
20.10.2025;Grodalen;Ettermiddag;2,7;2;1,3;0,678421756;0,1
21.10.2025;Grodalen;Ettermiddag;2,3;2;1,3;0,468601361;0,55
22.10.2025;Grodalen;Ettermiddag;1,9;2;1,3;0,283758359;0,96
23.10.2025;Grodalen;Ettermiddag;2;2;1,3;0,338711387;0,61
24.10.2025;Grodalen;Ettermiddag;1,9;2;1,3;0,258779059;0,09
27.10.2025;Grodalen;Ettermiddag;2,3;2;1,3;0,463600001;0,39
28.10.2025;Grodalen;Ettermiddag;2;2;1,3;0,35369849;0,7
29.10.2025;Grodalen;Ettermiddag;2,3;2;1,3;0,483588464;0
30.10.2025;Grodalen;Ettermiddag;2;2;1,3;0,313733041;0,96
31.10.2025;Grodalen;Ettermiddag;2,4;2;1,3;0,508567286;0,27
26.11.2025;Grodalen;Ettermiddag;2,1;2;1,3;0,373682168;0,43
27.11.2025;Grodalen;Ettermiddag;2,2;2;1,3;0,443622062;0,85
28.11.2025;Grodalen;Ettermiddag;2,2;2;1,3;0,413647855;0,4
01.12.2025;Grodalen;Ettermiddag;2,2;2;1,3;0,438626678;0,22
02.12.2025;Grodalen;Ettermiddag;2,3;2;1,3;0,47859308;0,13
03.12.2025;Grodalen;Ettermiddag;2,3;2;1,3;0,493580183;0,72
16.10.2025;Guibekken;Ettermiddag;1,2;1,3;1,2;0,019702557;0,42
17.10.2025;Guibekken;Ettermiddag;1,7;1,3;1,2;0,362519542;0,1
20.10.2025;Guibekken;Ettermiddag;2;1,3;1,2;0,646229605;0,02
21.10.2025;Guibekken;Ettermiddag;1,7;1,3;1,2;0,386161859;0,35
22.10.2025;Guibekken;Ettermiddag;1,8;1,3;1,2;0,457089187;0,99
23.10.2025;Guibekken;Ettermiddag;1,7;1,3;1,2;0,394042882;0,73
24.10.2025;Guibekken;Ettermiddag;1,7;1,3;1,2;0,409804364;0,36
27.10.2025;Guibekken;Ettermiddag;3,5;1,3;1,2;1,796833385;0,23
28.10.2025;Guibekken;Ettermiddag;;1,3;1,2;1,008748395;0,02
29.10.2025;Guibekken;Ettermiddag;1,7;1,3;1,2;0,401923153;0,74
30.10.2025;Guibekken;Ettermiddag;1,8;1,3;1,2;0,433446869;0,72
31.10.2025;Guibekken;Ettermiddag;1,7;1,3;1,2;0,354638519;0,35
26.11.2025;Guibekken;Ettermiddag;1,6;1,3;1,2;0,271889844;0,78
27.11.2025;Guibekken;Ettermiddag;1,8;1,3;1,2;0,441327892;0,87
28.11.2025;Guibekken;Ettermiddag;2;1,3;1,2;0,646229229;0,9
01.12.2025;Guibekken;Ettermiddag;1,8;1,3;1,2;0,433447245;0,15
02.12.2025;Guibekken;Ettermiddag;1,8;1,3;1,2;0,425565471;0,04
03.12.2025;Guibekken;Ettermiddag;1,8;1,3;1,2;0,472850857;0,66
16.10.2025;H, Stordalens vei;Ettermiddag;2,6;1,3;2,2;0,315462062;0,5
17.10.2025;H, Stordalens vei;Ettermiddag;4,2;1,3;2,2;1,552348101;0,18
20.10.2025;H, Stordalens vei;Ettermiddag;3,3;1,3;2,2;0,848798833;0,99
21.10.2025;H, Stordalens vei;Ettermiddag;3,1;1,3;2,2;0,689933451;0,21
22.10.2025;H, Stordalens vei;Ettermiddag;4;1,3;2,2;1,408612446;0,62
23.10.2025;H, Stordalens vei;Ettermiddag;4;1,3;2,2;1,385916773;0,02
24.10.2025;H, Stordalens vei;Ettermiddag;3,2;1,3;2,2;0,758018306;0,12
27.10.2025;H, Stordalens vei;Ettermiddag;3,7;1,3;2,2;1,15132806;0,8
28.10.2025;H, Stordalens vei;Ettermiddag;3,4;1,3;2,2;0,954709809;0,19
29.10.2025;H, Stordalens vei;Ettermiddag;4,3;1,3;2,2;1,620433677;0,37
30.10.2025;H, Stordalens vei;Ettermiddag;3,3;1,3;2,2;0,848798833;0,59
31.10.2025;H, Stordalens vei;Ettermiddag;3,8;1,3;2,2;1,234615894;0,17
26.11.2025;H, Stordalens vei;Ettermiddag;3;1,3;2,2;0,648324717;0,34
27.11.2025;H, Stordalens vei;Ettermiddag;4;1,3;2,2;1,408612446;0,88
28.11.2025;H, Stordalens vei;Ettermiddag;3,3;1,3;2,2;0,841233609;0,27
01.12.2025;H, Stordalens vei;Ettermiddag;4,1;1,3;2,2;1,484263246;0,88
02.12.2025;H, Stordalens vei;Ettermiddag;3,3;1,3;2,2;0,848798833;0,53
03.12.2025;H, Stordalens vei;Ettermiddag;3;1,3;2,2;0,599152202;0,46
16.10.2025;Heggedal stasjon;Ettermiddag;3,1;1,8;3;0,068916631;0,55
17.10.2025;Heggedal stasjon;Ettermiddag;4,1;1,8;3;0,592791453;0,51
20.10.2025;Heggedal stasjon;Ettermiddag;3,8;1,8;3;0,430305774;0,03
21.10.2025;Heggedal stasjon;Ettermiddag;4,2;1,8;3;0,6488205;0,37
22.10.2025;Heggedal stasjon;Ettermiddag;5,2;1,8;3;1,253937094;0,17
23.10.2025;Heggedal stasjon;Ettermiddag;3,7;1,8;3;0,396687919;0,82
24.10.2025;Heggedal stasjon;Ettermiddag;3,8;1,8;3;0,435908839;0,74
27.10.2025;Heggedal stasjon;Ettermiddag;3,9;1,8;3;0,514350146;0,23
28.10.2025;Heggedal stasjon;Ettermiddag;4,2;1,8;3;0,688040887;0,25
29.10.2025;Heggedal stasjon;Ettermiddag;4,1;1,8;3;0,587188388;0,06
30.10.2025;Heggedal stasjon;Ettermiddag;3,7;1,8;3;0,368673662;0,39
31.10.2025;Heggedal stasjon;Ettermiddag;4,4;1,8;3;0,760879129;0,89
26.11.2025;Heggedal stasjon;Ettermiddag;3,7;1,8;3;0,410695581;0,78
27.11.2025;Heggedal stasjon;Ettermiddag;3,9;1,8;3;0,508747081;0,86
28.11.2025;Heggedal stasjon;Ettermiddag;4;1,8;3;0,559173598;0,3
01.12.2025;Heggedal stasjon;Ettermiddag;4;1,8;3;0,553570533;0,53
02.12.2025;Heggedal stasjon;Ettermiddag;4;1,8;3;0,559173598;0,3
03.12.2025;Heggedal stasjon;Ettermiddag;3,7;1,8;3;0,391085388;0,16
16.10.2025;Hurum kirke;Ettermiddag;18,5;19,8;17,6;0,045673726;0,59
17.10.2025;Hurum kirke;Ettermiddag;22,7;19,8;17,6;0,257892637;0,92
20.10.2025;Hurum kirke;Ettermiddag;22,5;19,8;17,6;0,244770888;0,9
21.10.2025;Hurum kirke;Ettermiddag;22,6;19,8;17,6;0,253350489;0,45
22.10.2025;Hurum kirke;Ettermiddag;22,8;19,8;17,6;0,261425397;0,78
23.10.2025;Hurum kirke;Ettermiddag;22,6;19,8;17,6;0,253350297;0,26
24.10.2025;Hurum kirke;Ettermiddag;21,4;19,8;17,6;0,188751036;0,46
27.10.2025;Hurum kirke;Ettermiddag;21,5;19,8;17,6;0,194807265;0,39
28.10.2025;Hurum kirke;Ettermiddag;22,3;19,8;17,6;0,236695884;0,1
29.10.2025;Hurum kirke;Ettermiddag;22,9;19,8;17,6;0,265967352;0,38
30.10.2025;Hurum kirke;Ettermiddag;22;19,8;17,6;0,222564844;0,8
31.10.2025;Hurum kirke;Ettermiddag;21,4;19,8;17,6;0,192283796;0,26
26.11.2025;Hurum kirke;Ettermiddag;19,4;19,8;17,6;0,092356791;0,28
27.11.2025;Hurum kirke;Ettermiddag;22,4;19,8;17,6;0,239219257;0,56
28.11.2025;Hurum kirke;Ettermiddag;22;19,8;17,6;0,223574135;0,47
01.12.2025;Hurum kirke;Ettermiddag;23,5;19,8;17,6;0,298267078;0,2
02.12.2025;Hurum kirke;Ettermiddag;22,6;19,8;17,6;0,253855087;0,92
03.12.2025;Hurum kirke;Ettermiddag;23,3;19,8;17,6;0,288173492;0,64
16.10.2025;Kornmagasinet;Ettermiddag;1,9;1,9;1,9;-0,009865738;0,44
17.10.2025;Kornmagasinet;Ettermiddag;2,6;1,9;1,9;0,371781302;1
20.10.2025;Kornmagasinet;Ettermiddag;2,6;1,9;1,9;0,330241508;0,22
21.10.2025;Kornmagasinet;Ettermiddag;2,6;1,9;1,9;0,3510119;0,64
22.10.2025;Kornmagasinet;Ettermiddag;3,1;1,9;1,9;0,60544326;0,5
23.10.2025;Kornmagasinet;Ettermiddag;2,5;1,9;1,9;0,283509116;0,58
24.10.2025;Kornmagasinet;Ettermiddag;2,6;1,9;1,9;0,325049405;0,35
27.10.2025;Kornmagasinet;Ettermiddag;2,6;1,9;1,9;0,325036969;0,57
28.10.2025;Kornmagasinet;Ettermiddag;2,5;1,9;1,9;0,267932313;0,75
29.10.2025;Kornmagasinet;Ettermiddag;2,6;1,9;1,9;0,335434106;0,34
30.10.2025;Kornmagasinet;Ettermiddag;2,8;1,9;1,9;0,465246085;0,48
31.10.2025;Kornmagasinet;Ettermiddag;2,8;1,9;1,9;0,434091487;0,54
26.11.2025;Kornmagasinet;Ettermiddag;2,2;1,9;1,9;0,138119839;0,28
27.11.2025;Kornmagasinet;Ettermiddag;6,3;1,9;1,9;2,272229584;0,13
28.11.2025;Kornmagasinet;Ettermiddag;2,7;1,9;1,9;0,397744292;0,59
01.12.2025;Kornmagasinet;Ettermiddag;2,7;1,9;1,9;0,387359096;0,92
02.12.2025;Kornmagasinet;Ettermiddag;3,6;1,9;1,9;0,849489424;0,43
03.12.2025;Kornmagasinet;Ettermiddag;2,6;1,9;1,9;0,3510119;0,54
16.10.2025;Odalsveien;Ettermiddag;1,8;0,8;1,3;0,585173887;0,63
17.10.2025;Odalsveien;Ettermiddag;3,5;0,8;1,3;2,553490255;0,37
20.10.2025;Odalsveien;Ettermiddag;2,4;0,8;1,3;1,300387418;0,54
21.10.2025;Odalsveien;Ettermiddag;2,9;0,8;1,3;1,820543738;0,78
22.10.2025;Odalsveien;Ettermiddag;2,6;0,8;1,3;1,513176488;0,41
23.10.2025;Odalsveien;Ettermiddag;2,8;0,8;1,3;1,796899757;0,76
24.10.2025;Odalsveien;Ettermiddag;3,1;0,8;1,3;2,080620771;0,34
27.10.2025;Odalsveien;Ettermiddag;2,7;0,8;1,3;1,655038122;0,22
28.10.2025;Odalsveien;Ettermiddag;2,7;0,8;1,3;1,655038122;0,52
29.10.2025;Odalsveien;Ettermiddag;2,6;0,8;1,3;1,501356752;0,57
30.10.2025;Odalsveien;Ettermiddag;2,6;0,8;1,3;1,47771277;0,23
31.10.2025;Odalsveien;Ettermiddag;2,5;0,8;1,3;1,39496109;0,11
26.11.2025;Odalsveien;Ettermiddag;1,7;0,8;1,3;0,407847971;0,87
27.11.2025;Odalsveien;Ettermiddag;2,8;0,8;1,3;1,749614048;0,94
28.11.2025;Odalsveien;Ettermiddag;2,3;0,8;1,3;1,217635737;0,2
01.12.2025;Odalsveien;Ettermiddag;2,5;0,8;1,3;1,371318235;0,86
02.12.2025;Odalsveien;Ettermiddag;2,9;0,8;1,3;1,867829447;0,87
03.12.2025;Odalsveien;Ettermiddag;2,5;0,8;1,3;1,442249053;0,65
16.10.2025;Risengasletta;Ettermiddag;4,1;1,5;3,4;0,477964675;1
17.10.2025;Risengasletta;Ettermiddag;5,4;1,5;3,4;1,291796825;0,72
20.10.2025;Risengasletta;Ettermiddag;5,4;1,5;3,4;1,311173599;0,79
21.10.2025;Risengasletta;Ettermiddag;5,4;1,5;3,4;1,285337688;0,16
22.10.2025;Risengasletta;Ettermiddag;4,7;1,5;3,4;0,852585704;0,55
23.10.2025;Risengasletta;Ettermiddag;5,6;1,5;3,4;1,408058422;0,71
24.10.2025;Risengasletta;Ettermiddag;4,2;1,5;3,4;0,497341763;0,2
27.10.2025;Risengasletta;Ettermiddag;;1,5;3,4;0,710488192;0,77
28.10.2025;Risengasletta;Ettermiddag;5,8;1,5;3,4;1,569533025;0,4
29.10.2025;Risengasletta;Ettermiddag;5,6;1,5;3,4;1,395140467;0,57
30.10.2025;Risengasletta;Ettermiddag;5,5;1,5;3,4;1,349927473;0,9
31.10.2025;Risengasletta;Ettermiddag;5,5;1,5;3,4;1,369304555;0,55
26.11.2025;Risengasletta;Ettermiddag;3,7;1,5;3,4;0,203457959;0,82
27.11.2025;Risengasletta;Ettermiddag;5,8;1,5;3,4;1,537238289;0,74
28.11.2025;Risengasletta;Ettermiddag;4,3;1,5;3,4;0,60068541;0,7
01.12.2025;Risengasletta;Ettermiddag;5;1,5;3,4;1,04635535;0,45
02.12.2025;Risengasletta;Ettermiddag;5,6;1,5;3,4;1,395140467;0
03.12.2025;Risengasletta;Ettermiddag;5;1,5;3,4;1,020519438;0,63
16.10.2025;Spikkestad sentrum;Ettermiddag;7,4;7;6;0,203165822;0,93
17.10.2025;Spikkestad sentrum;Ettermiddag;8,6;7;6;0,371405839;0,25
20.10.2025;Spikkestad sentrum;Ettermiddag;8,8;7;6;0,404059943;0,45
21.10.2025;Spikkestad sentrum;Ettermiddag;8,4;7;6;0,348689917;0,59
22.10.2025;Spikkestad sentrum;Ettermiddag;8,4;7;6;0,341591023;0,83
23.10.2025;Spikkestad sentrum;Ettermiddag;9;7;6;0,435294269;0,24
24.10.2025;Spikkestad sentrum;Ettermiddag;8,4;7;6;0,348689917;0,26
27.10.2025;Spikkestad sentrum;Ettermiddag;9;7;6;0,431035202;0,63
28.10.2025;Spikkestad sentrum;Ettermiddag;8,7;7;6;0,385603088;0,38
29.10.2025;Spikkestad sentrum;Ettermiddag;8,7;7;6;0,388442916;0,27
30.10.2025;Spikkestad sentrum;Ettermiddag;8,9;7;6;0,412578617;0,06
31.10.2025;Spikkestad sentrum;Ettermiddag;8,2;7;6;0,314616034;0,92
26.11.2025;Spikkestad sentrum;Ettermiddag;7,6;7;6;0,2244621;0,73
27.11.2025;Spikkestad sentrum;Ettermiddag;8,5;7;6;0,351529475;0,29
28.11.2025;Spikkestad sentrum;Ettermiddag;8,7;7;6;0,384893333;0,77
01.12.2025;Spikkestad sentrum;Ettermiddag;9;7;6;0,431035202;0,61
02.12.2025;Spikkestad sentrum;Ettermiddag;8,4;7;6;0,343010802;0,21
03.12.2025;Spikkestad sentrum;Ettermiddag;8,3;7;6;0,328813553;0,89
16.10.2025;Stokker;Ettermiddag;2;1,7;1,7;0,15560633;0,75
17.10.2025;Stokker;Ettermiddag;2,7;1,7;1,7;0,551962244;0,31
20.10.2025;Stokker;Ettermiddag;2,6;1,7;1,7;0,493243202;0,72
21.10.2025;Stokker;Ettermiddag;3;1,7;1,7;0,775095389;0,2
22.10.2025;Stokker;Ettermiddag;2,6;1,7;1,7;0,499114715;0,83
23.10.2025;Stokker;Ettermiddag;2,4;1,7;1,7;0,38167607;0,57
24.10.2025;Stokker;Ettermiddag;2,4;1,7;1,7;0,411035871;0,62
27.10.2025;Stokker;Ettermiddag;2,5;1,7;1,7;0,43450441;0,12
28.10.2025;Stokker;Ettermiddag;2,7;1,7;1,7;0,598937702;0,58
29.10.2025;Stokker;Ettermiddag;2,7;1,7;1,7;0,575449973;0,85
30.10.2025;Stokker;Ettermiddag;2,5;1,7;1,7;0,4345236;0,6
31.10.2025;Stokker;Ettermiddag;;1,7;1,7;0,458011329;0,07
26.11.2025;Stokker;Ettermiddag;2,3;1,7;1,7;0,32882854;0,27
27.11.2025;Stokker;Ettermiddag;2,5;1,7;1,7;0,446267745;0,66
28.11.2025;Stokker;Ettermiddag;2,7;1,7;1,7;0,551962804;0,93
01.12.2025;Stokker;Ettermiddag;2,4;1,7;1,7;0,387548142;0,36
02.12.2025;Stokker;Ettermiddag;2,4;1,7;1,7;0,416907943;0,73
03.12.2025;Stokker;Ettermiddag;2,5;1,7;1,7;0,452139257;0,28
16.10.2025;S¾tre sentrum;Ettermiddag;13,3;11,3;12,2;0,097403688;0,29
17.10.2025;S¾tre sentrum;Ettermiddag;16,3;11,3;12,2;0,366225476;0,13
20.10.2025;S¾tre sentrum;Ettermiddag;16,2;11,3;12,2;0,352076974;0,97
21.10.2025;S¾tre sentrum;Ettermiddag;16,2;11,3;12,2;0,35738262;0,42
22.10.2025;S¾tre sentrum;Ettermiddag;16,3;11,3;12,2;0,361803964;0,2
23.10.2025;S¾tre sentrum;Ettermiddag;16,2;11,3;12,2;0,355614015;0,65
24.10.2025;S¾tre sentrum;Ettermiddag;15,1;11,3;12,2;0,253037461;0,66
27.10.2025;S¾tre sentrum;Ettermiddag;15,4;11,3;12,2;0,286639942;0,96
28.10.2025;S¾tre sentrum;Ettermiddag;16;11,3;12,2;0,335275565;0,52
29.10.2025;S¾tre sentrum;Ettermiddag;17,8;11,3;12,2;0,491793556;0,57
30.10.2025;S¾tre sentrum;Ettermiddag;16,2;11,3;12,2;0,351192672;0,8
31.10.2025;S¾tre sentrum;Ettermiddag;16,5;11,3;12,2;0,376836937;0,61
26.11.2025;S¾tre sentrum;Ettermiddag;14,5;11,3;12,2;0,203959688;0,51
27.11.2025;S¾tre sentrum;Ettermiddag;17,4;11,3;12,2;0,457306435;0,88
28.11.2025;S¾tre sentrum;Ettermiddag;16,2;11,3;12,2;0,352076806;0,47
01.12.2025;S¾tre sentrum;Ettermiddag;17,2;11,3;12,2;0,44581101;0,92
02.12.2025;S¾tre sentrum;Ettermiddag;16,1;11,3;12,2;0,345886857;0,39
03.12.2025;S¾tre sentrum;Ettermiddag;16,9;11,3;12,2;0,420166576;0,34
16.10.2025;Toern;Ettermiddag;5,3;2,8;3,3;0,715482926;0,81
17.10.2025;Toern;Ettermiddag;5,1;2,8;3,3;0,665611618;0,76
20.10.2025;Toern;Ettermiddag;4,7;2,8;3,3;0,498184209;0,24
21.10.2025;Toern;Ettermiddag;4,8;2,8;3,3;0,540931481;0,36
22.10.2025;Toern;Ettermiddag;5,1;2,8;3,3;0,672735654;0,71
23.10.2025;Toern;Ettermiddag;4,3;2,8;3,3;0,369942053;0,65
24.10.2025;Toern;Ettermiddag;4,4;2,8;3,3;0,398440574;0,07
27.10.2025;Toern;Ettermiddag;;2,8;3,3;0,530244748;0,66
28.10.2025;Toern;Ettermiddag;4,3;2,8;3,3;0,387753502;0,48
29.10.2025;Toern;Ettermiddag;4,5;2,8;3,3;0,448312222;0,3
30.10.2025;Toern;Ettermiddag;4,8;2,8;3,3;0,555180571;0,3
31.10.2025;Toern;Ettermiddag;4,7;2,8;3,3;0,508870942;0,95
26.11.2025;Toern;Ettermiddag;3,6;2,8;3,3;0,138394246;0,34
27.11.2025;Toern;Ettermiddag;4,5;2,8;3,3;0,437625828;0,25
28.11.2025;Toern;Ettermiddag;4,6;2,8;3,3;0,483935118;0,74
01.12.2025;Toern;Ettermiddag;4,8;2,8;3,3;0,544494178;0,48
02.12.2025;Toern;Ettermiddag;4,2;2,8;3,3;0,323632424;0,3
03.12.2025;Toern;Ettermiddag;4,5;2,8;3,3;0,426938756;0,37
16.10.2025;Tofte sentrum;Ettermiddag;32;34,2;30,3;0,051053899;0,68
17.10.2025;Tofte sentrum;Ettermiddag;36;34,2;30,3;0,165837553;0,78
20.10.2025;Tofte sentrum;Ettermiddag;35,7;34,2;30,3;0,15853574;0,31
21.10.2025;Tofte sentrum;Ettermiddag;36,1;34,2;30,3;0,168758211;0,06
22.10.2025;Tofte sentrum;Ettermiddag;36,1;34,2;30,3;0,171094827;0,43
23.10.2025;Tofte sentrum;Ettermiddag;36;34,2;30,3;0,168174057;0,55
24.10.2025;Tofte sentrum;Ettermiddag;35,2;34,2;30,3;0,14364015;0,17
27.10.2025;Tofte sentrum;Ettermiddag;35;34,2;30,3;0,138090799;0,87
28.10.2025;Tofte sentrum;Ettermiddag;35,6;34,2;30,3;0,155030873;0,69
29.10.2025;Tofte sentrum;Ettermiddag;35,6;34,2;30,3;0,155615027;0,78
30.10.2025;Tofte sentrum;Ettermiddag;35,8;34,2;30,3;0,1608723;0,54
31.10.2025;Tofte sentrum;Ettermiddag;35,3;34,2;30,3;0,14510059;0,12
26.11.2025;Tofte sentrum;Ettermiddag;34;34,2;30,3;0,109467954;0,6
27.11.2025;Tofte sentrum;Ettermiddag;36,2;34,2;30,3;0,172263079;0,41
28.11.2025;Tofte sentrum;Ettermiddag;35,9;34,2;30,3;0,16379307;0,25
01.12.2025;Tofte sentrum;Ettermiddag;36,8;34,2;30,3;0,188911075;0,56
02.12.2025;Tofte sentrum;Ettermiddag;36,3;34,2;30,3;0,175475814;0,94
03.12.2025;Tofte sentrum;Ettermiddag;36,7;34,2;30,3;0,187450691;0,92
16.10.2025;Vettre;Ettermiddag;3,3;2,7;3;0,10172934;0,25
17.10.2025;Vettre;Ettermiddag;4,8;2,7;3;0,689500098;0,12
20.10.2025;Vettre;Ettermiddag;4,9;2,7;3;0,708338972;0,92
21.10.2025;Vettre;Ettermiddag;4,6;2,7;3;0,610376939;0,98
22.10.2025;Vettre;Ettermiddag;4,4;2,7;3;0,542557139;0,36
23.10.2025;Vettre;Ettermiddag;4,2;2,7;3;0,444595646;0,25
24.10.2025;Vettre;Ettermiddag;4,7;2,7;3;0,648054685;0,39
27.10.2025;Vettre;Ettermiddag;4,6;2,7;3;0,602841785;0,58
28.10.2025;Vettre;Ettermiddag;5,6;2,7;3;0,960778578;0
29.10.2025;Vettre;Ettermiddag;4,5;2,7;3;0,572699372;0,39
30.10.2025;Vettre;Ettermiddag;4,6;2,7;3;0,580235065;0,4
31.10.2025;Vettre;Ettermiddag;6,8;2,7;3;1,416677764;0,9
26.11.2025;Vettre;Ettermiddag;4;2,7;3;0,365472666;0,97
27.11.2025;Vettre;Ettermiddag;6,9;2,7;3;1,45435533;0,81
28.11.2025;Vettre;Ettermiddag;9,7;2,7;3;2,509328274;0,56
01.12.2025;Vettre;Ettermiddag;6,5;2,7;3;1,307412731;0,97
02.12.2025;Vettre;Ettermiddag;6;2,7;3;1,141631258;0,72
03.12.2025;Vettre;Ettermiddag;6,7;2,7;3;1,386535531;0,97
16.10.2025;Vollen;Ettermiddag;3,4;2,1;3;0,174017649;0,63
17.10.2025;Vollen;Ettermiddag;4,7;2,1;3;0,82009962;0,17
20.10.2025;Vollen;Ettermiddag;4,6;2,1;3;0,749360892;0,74
21.10.2025;Vollen;Ettermiddag;5,1;2,1;3;1,013453013;0,65
22.10.2025;Vollen;Ettermiddag;4,5;2,1;3;0,721065581;0,12
23.10.2025;Vollen;Ettermiddag;5,2;2,1;3;1,032316704;0,31
24.10.2025;Vollen;Ettermiddag;4,3;2,1;3;0,622031092;0,15
27.10.2025;Vollen;Ettermiddag;4,4;2,1;3;0,650325953;0,1
28.10.2025;Vollen;Ettermiddag;7;2,1;3;1,876468103;0,14
29.10.2025;Vollen;Ettermiddag;5,5;2,1;3;1,169078125;0,23
30.10.2025;Vollen;Ettermiddag;4,4;2,1;3;0,688053785;0,15
31.10.2025;Vollen;Ettermiddag;4,2;2,1;3;0,584303261;0,37
26.11.2025;Vollen;Ettermiddag;3,2;2,1;3;0,103279146;0,71
27.11.2025;Vollen;Ettermiddag;4,9;2,1;3;0,900270868;0,51
28.11.2025;Vollen;Ettermiddag;4,4;2,1;3;0,678622164;0,83
01.12.2025;Vollen;Ettermiddag;4,8;2,1;3;0,857827452;0,9
02.12.2025;Vollen;Ettermiddag;5,8;2,1;3;1,315272515;0,15
03.12.2025;Vollen;Ettermiddag;4,4;2,1;3;0,669189644;0,7